<?xml version="1.0"?>
<PropertyList>
    <path>RedLight.ac</path>
    
    <animation>
        <type>noshadow</type>
    </animation>

    <animation>
        <type>alpha-test</type>
        <alpha-factor>0.01</alpha-factor>
    </animation>
    
    <animation>
        <type>billboard</type>
        <object-name>Light</object-name>
        <spherical type="bool">true</spherical>
    </animation>

    <animation>
        <type>select</type>
        <object-name>Light</object-name>
        <condition>
          <greater-than>
              <property>/sim/model/lights/beacon/state</property>
              <value>0.3</value>
          </greater-than>
          <property>/controls/lighting/beacon</property>
        </condition>
    </animation>

    <animation>
        <type>material</type>
        <object-name>Light</object-name>
        <emission>
          <red>1.0</red>
          <green>0</green>
          <blue>0</blue>
          <factor-prop>/sim/model/lights/beacon/state</factor-prop>
        </emission>
    </animation>

    <animation>
        <type>dist-scale</type>
        <object-name>Light</object-name>
        <interpolation>
            <entry>
                <ind>0</ind>
                <dep>0.5</dep>
            </entry>
            <entry>
                <ind>20</ind>
                <dep>1</dep>
            </entry>
            <entry>
                <ind>1500</ind>
                <dep>10</dep>
            </entry>
        </interpolation>
    </animation>
    
</PropertyList>
