<?xml version="1.0" encoding="UTF-8"?>

<PropertyList>

  <path>yoke.ac</path>

  <animation>
    <!-- Objets opaques -->
    <object-name>Yoke</object-name>
    <object-name>YokeColumn</object-name>

    <!-- Objets transparents -->
  </animation>

  <!-- Interior lighting -->
  <animation>
    <type>material</type>
      <condition>
        <equals>
          <property>controls/lighting/panel</property>
          <value>1</value>
        </equals>
      </condition>
    <emission>
      <red>   0.27 </red>
      <green> 0.17 </green>
      <blue>  0.12 </blue>
      <factor-prop>/controls/lighting/brightness</factor-prop>
    </emission>
  </animation>

  <animation>
    <type>select</type>
    <object-name>Yoke</object-name>
    <object-name>YokeColumn</object-name> 
    <condition>
      <not>
       <property>sim/yokes-visible</property>
      </not>
    </condition>
  </animation>

  <animation>
    <type>rotate</type>
    <object-name>YokeColumn</object-name>
    <object-name>Yoke</object-name>
    <property>surface-positions/elevator-pos-norm</property>
    <factor> -4 </factor>
    <center>
      <x-m> 0.000 </x-m>
      <y-m> 0.000 </y-m>
      <z-m> 0.045 </z-m>
    </center>
    <axis>
      <x> 0 </x> <!-- near to panel -->
      <y> 1 </y> <!--up -->
      <z> 0 </z> <!-- right -->
    </axis>
  </animation>

  <animation>
    <type>rotate</type>
    <object-name>Yoke</object-name>
    <property>surface-positions/left-aileron-pos-norm</property>
    <factor> -90 </factor>
    <center>
      <x-m> 0.000 </x-m> <!-- near to panel -->
      <y-m> 0.000 </y-m> <!-- right -->
      <z-m> 0.910 </z-m> <!-- up -->
    </center>
    <axis>
      <x> 1 </x>
      <y> 0 </y>
      <z> 0 </z>
    </axis>
  </animation>

</PropertyList>

