<?xml version="1.0" encoding="UTF-8"?>

<PropertyList>

  <path>compass-big.ac</path>

  <animation>
    <object-name>fond</object-name>
    <object-name>visses</object-name>
    <object-name>rebord</object-name>
    <object-name>knob</object-name>
    <object-name>face</object-name>
    <object-name>face2</object-name>
    <object-name>needle</object-name>

    <object-name>vitre</object-name>
  </animation>

  <animation>
    <type>shader</type>
    <shader>chrome</shader>
    <texture>Aircraft/Generic/Effects/glass_shader.png</texture>
    <object-name>vitre</object-name>
  </animation>

  <animation>
    <type>material</type>
    <object-name>face</object-name>
    <object-name>face2</object-name>
    <object-name>needle</object-name>
    <emission>
      <red> 1 </red>
      <green> 1 </green>
      <blue> 1 </blue>
      <factor-prop>/controls/lighting/brightness</factor-prop>
    </emission>
  </animation>

  <animation>
    <type>rotate</type>
    <object-name>face</object-name>
    <property>/instrumentation/magnetic-compass/indicated-heading-deg</property>
    <axis>
      <x> 1 </x>
      <y> 0 </y>
      <z> 0 </z>
    </axis>
  </animation>

  <animation>
    <type>rotate</type>
    <object-name>face2</object-name>
    <property>/instrumentation/magnetic-compass/bookmark-heading-deg</property>
    <axis>
      <x> 1 </x>
      <y> 0 </y>
      <z> 0 </z>
    </axis>
  </animation>

</PropertyList>

