<?xml version="1.0"?>
 
<PropertyList>

 <fx>
 
<!-- ENGINES 0,1,4,5,8,9 -->

  <crank>
   <name>engstart1</name>
   <path>Sounds/engstart.wav</path>
   <condition>
    <or>
     <property>/engines/engine[0]/cranking</property>
     <property>/engines/engine[1]/cranking</property>
     <property>/engines/engine[4]/cranking</property>
     <property>/engines/engine[5]/cranking</property>
     <property>/engines/engine[8]/cranking</property>
     <property>/engines/engine[9]/cranking</property>
    </or>
   </condition>
   <position>
    <x>15.0</x>
    <y>-5.0</y>
    <z>0.0</z>
   </position>
   <volume>
    <offset>0.4</offset>
   </volume>
  </crank>

  <crank>
   <name>crank1</name>
   <mode>looped</mode>
   <path>Sounds/cranking.wav</path>
   <condition>
    <or>
     <and>
      <property>/engines/engine[0]/cranking</property>
      <not>
       <property>/engines/engine[0]/running</property>
      </not>
     </and>
     <and>
      <property>/engines/engine[1]/cranking</property>
      <not>
       <property>/engines/engine[1]/running</property>
      </not>
     </and>
     <and>
      <property>/engines/engine[4]/cranking</property>
      <not>
       <property>/engines/engine[4]/running</property>
      </not>
     </and>
     <and>
      <property>/engines/engine[5]/cranking</property>
      <not>
       <property>/engines/engine[5]/running</property>
      </not>
     </and>
     <and>
      <property>/engines/engine[8]/cranking</property>
      <not>
       <property>/engines/engine[8]/running</property>
      </not>
     </and>
     <and>
      <property>/engines/engine[9]/cranking</property>
      <not>
       <property>/engines/engine[9]/running</property>
      </not>
     </and>
    </or>
   </condition>
   <position>
    <x>15.0</x>
    <y>-5.0</y>
    <z>0.0</z>
   </position>
   <volume>
    <offset>0.5</offset>
   </volume>
  </crank>

  <crank>
   <name>cough1</name>
   <path>Sounds/coughing.wav</path>
   <condition>
    <or>
     <property>/engines/engine[1]/running</property>
    </or>
   </condition>
   <position>
    <x>15.0</x>
    <y>-5.0</y>
    <z>0.0</z>
   </position>
   <volume>
    <offset>0.3</offset>
   </volume>
  </crank>

<crank>
   <name>cough0</name>
   <path>Sounds/coughing.wav</path>
   <condition>
    <or>
     <property>/engines/engine[0]/running</property>
    </or>
   </condition>
   <position>
    <x>15.0</x>
    <y>-5.0</y>
    <z>0.0</z>
   </position>
   <volume>
    <offset>0.3</offset>
   </volume>
  </crank> 

<crank>
   <name>cough4</name>
   <path>Sounds/coughing.wav</path>
   <condition>
    <or>
     <property>/engines/engine[4]/running</property>
    </or>
   </condition>
   <position>
    <x>15.0</x>
    <y>-5.0</y>
    <z>0.0</z>
   </position>
   <volume>
    <offset>0.3</offset>
   </volume>
  </crank> 

<crank>
   <name>cough5</name>
   <path>Sounds/coughing.wav</path>
   <condition>
    <or>
     <property>/engines/engine[5]/running</property>
    </or>
   </condition>
   <position>
    <x>15.0</x>
    <y>-5.0</y>
    <z>0.0</z>
   </position>
   <volume>
    <offset>0.3</offset>
   </volume>
  </crank> 

<crank>
   <name>cough8</name>
   <path>Sounds/coughing.wav</path>
   <condition>
    <or>
     <property>/engines/engine[8]/running</property>
    </or>
   </condition>
   <position>
    <x>15.0</x>
    <y>-5.0</y>
    <z>0.0</z>
   </position>
   <volume>
    <offset>0.3</offset>
   </volume>
  </crank> 

<crank>
   <name>cough9</name>
   <path>Sounds/coughing.wav</path>
   <condition>
    <or>
     <property>/engines/engine[9]/running</property>
    </or>
   </condition>
   <position>
    <x>15.0</x>
    <y>-5.0</y>
    <z>0.0</z>
   </position>
   <volume>
    <offset>0.3</offset>
   </volume>
  </crank> 


<!-- engine stop only ask over magnetos setting for the moment :-( -->
<crank>
   <name>stop0</name>
   <path>Aircraft/DO-X/Sounds/engine_down.wav</path>
   <condition>
      <equals>
     <property>controls/engines/engine[0]/magnetos</property>
      <value>0</value>
      </equals>
   </condition>
   <position>
    <x>15.0</x>
    <y>-5.0</y>
    <z>0.0</z>
   </position>
   <volume>
    <offset>0.007</offset>
   </volume>
  </crank>

<crank>
   <name>stop1</name>
   <path>Aircraft/DO-X/Sounds/engine_down.wav</path>
   <condition>
      <equals>
     <property>controls/engines/engine[1]/magnetos</property>
      <value>0</value>
      </equals>
   </condition>
   <position>
    <x>15.0</x>
    <y>-5.0</y>
    <z>0.0</z>
   </position>
   <volume>
    <offset>0.007</offset>
   </volume>
  </crank>

<crank>
   <name>stop4</name>
   <path>Aircraft/DO-X/Sounds/engine_down.wav</path>
   <condition>
      <equals>
     <property>controls/engines/engine[4]/magnetos</property>
      <value>0</value>
      </equals>
   </condition>
   <position>
    <x>15.0</x>
    <y>-5.0</y>
    <z>0.0</z>
   </position>
   <volume>
    <offset>0.007</offset>
   </volume>
  </crank>

<crank>
   <name>stop5</name>
   <path>Aircraft/DO-X/Sounds/engine_down.wav</path>
   <condition>
      <equals>
     <property>controls/engines/engine[5]/magnetos</property>
      <value>0</value>
      </equals>
   </condition>
   <position>
    <x>15.0</x>
    <y>-5.0</y>
    <z>0.0</z>
   </position>
   <volume>
    <offset>0.007</offset>
   </volume>
  </crank>

<crank>
   <name>stop8</name>
   <path>Aircraft/DO-X/Sounds/engine_down.wav</path>
   <condition>
      <equals>
     <property>controls/engines/engine[8]/magnetos</property>
      <value>0</value>
      </equals>
   </condition>
   <position>
    <x>15.0</x>
    <y>-5.0</y>
    <z>0.0</z>
   </position>
   <volume>
    <offset>0.007</offset>
   </volume>
  </crank>

<crank>
   <name>stop9</name>
   <path>Aircraft/DO-X/Sounds/engine_down.wav</path>
   <condition>
      <equals>
     <property>controls/engines/engine[9]/magnetos</property>
      <value>0</value>
      </equals>
   </condition>
   <position>
    <x>15.0</x>
    <y>-5.0</y>
    <z>0.0</z>
   </position>
   <volume>
    <offset>0.007</offset>
   </volume>
  </crank> 


<!-- internal -->

  <engine>
   <name>engine1</name>
   <mode>looped</mode>
   <path>Sounds/wasp.wav</path>
   <condition>
    <and>
     <or>
      <and>
       <property>/engines/engine[0]/running</property>
       <greater-than-equals>
        <property>/engines/engine[0]/mp-osi</property>
        <value>1.75</value>
       </greater-than-equals>
      </and>
      <and>
       <property>/engines/engine[1]/running</property>
       <greater-than-equals>
        <property>/engines/engine[1]/mp-osi</property>
        <value>1.75</value>
       </greater-than-equals>
      </and>
      <and>
       <property>/engines/engine[4]/running</property>
       <greater-than-equals>
        <property>/engines/engine[4]/mp-osi</property>
        <value>1.75</value>
       </greater-than-equals>
      </and>
      <and>
       <property>/engines/engine[5]/running</property>
       <greater-than-equals>
        <property>/engines/engine[5]/mp-osi</property>
        <value>1.75</value>
       </greater-than-equals>
      </and>
      <and>
       <property>/engines/engine[8]/running</property>
       <greater-than-equals>
        <property>/engines/engine[8]/mp-osi</property>
        <value>1.75</value>
       </greater-than-equals>
      </and>
      <and>
       <property>/engines/engine[9]/running</property>
       <greater-than-equals>
        <property>/engines/engine[9]/mp-osi</property>
        <value>1.75</value>
       </greater-than-equals>
      </and>
     </or>
     <property>/sim/current-view/internal</property>
    </and>
   </condition>
   <position>
    <x>15.0</x>
    <y>-5.0</y>
    <z>0.0</z>
   </position>
   <volume>
    <property>/engines/engine[0]/mp-osi</property>
    <factor>0.009</factor>
    <min>0.01</min>
    <max>0.15</max>
    <offset>0.07</offset>
   </volume>
   <volume>
    <property>/engines/engine[1]/mp-osi</property>
    <factor>0.009</factor>
    <min>0.01</min>
    <max>0.15</max>
    <offset>0.07</offset>
   </volume>
   <volume>
    <property>/engines/engine[4]/mp-osi</property>
    <factor>0.009</factor>
    <min>0.01</min>
    <max>0.15</max>
    <offset>0.07</offset>
   </volume>
   <volume>
    <property>/engines/engine[5]/mp-osi</property>
    <factor>0.009</factor>
    <min>0.01</min>
    <max>0.15</max>
    <offset>0.07</offset>
   </volume>
   <volume>
    <property>/engines/engine[8]/mp-osi</property>
    <factor>0.009</factor>
    <min>0.01</min>
    <max>0.15</max>
    <offset>0.07</offset>
   </volume>
   <volume>
    <property>/engines/engine[9]/mp-osi</property>
    <factor>0.009</factor>
    <min>0.01</min>
    <max>0.15</max>
    <offset>0.07</offset>
   </volume>
   <pitch>
    <property>/engines/engine[0]/rpm</property>
    <factor>0.0003</factor>
    <min>0.1</min>
    <max>2.0</max>
    <offset>0.3</offset>
   </pitch>
   <pitch>
    <property>/engines/engine[1]/rpm</property>
    <factor>0.0003</factor>
    <min>0.1</min>
    <max>2.0</max>
    <offset>0.3</offset>
   </pitch>
   <pitch>
    <property>/engines/engine[4]/rpm</property>
    <factor>0.0003</factor>
    <min>0.1</min>
    <max>2.0</max>
    <offset>0.3</offset>
   </pitch>
   <pitch>
    <property>/engines/engine[5]/rpm</property>
    <factor>0.0003</factor>
    <min>0.1</min>
    <max>2.0</max>
    <offset>0.3</offset>
   </pitch>
   <pitch>
    <property>/engines/engine[8]/rpm</property>
    <factor>0.0003</factor>
    <min>0.1</min>
    <max>2.0</max>
    <offset>0.3</offset>
   </pitch>
   <pitch>
    <property>/engines/engine[9]/rpm</property>
    <factor>0.0003</factor>
    <min>0.1</min>
    <max>2.0</max>
    <offset>0.3</offset>
   </pitch>
  </engine>

  <engine>
   <name>idle1</name>
   <mode>looped</mode>
   <path>Sounds/wasp.wav</path>
   <condition>
    <and>
     <or>
      <and>
       <property>/engines/engine[0]/running</property>
       <less-than>
        <property>/engines/engine[0]/mp-osi</property>
        <value>13.5</value>
       </less-than>
      </and>
      <and>
       <property>/engines/engine[1]/running</property>
       <less-than>
        <property>/engines/engine[1]/mp-osi</property>
        <value>13.5</value>
       </less-than>
      </and>
      <and>
       <property>/engines/engine[4]/running</property>
       <less-than>
        <property>/engines/engine[4]/mp-osi</property>
        <value>13.5</value>
       </less-than>
      </and>
      <and>
       <property>/engines/engine[5]/running</property>
       <less-than>
        <property>/engines/engine[5]/mp-osi</property>
        <value>13.5</value>
       </less-than>
      </and>
      <and>
       <property>/engines/engine[8]/running</property>
       <less-than>
        <property>/engines/engine[8]/mp-osi</property>
        <value>13.5</value>
       </less-than>
      </and>
      <and>
       <property>/engines/engine[9]/running</property>
       <less-than>
        <property>/engines/engine[9]/mp-osi</property>
        <value>13.5</value>
       </less-than>
      </and>
     </or>
     <property>/sim/current-view/internal</property>
    </and>
   </condition>
   <position>
    <x>15.0</x>
    <y>-5.0</y>
    <z>0.0</z>
   </position>
   <volume>
    <property>/engines/engine[0]/mp-osi</property>
    <factor>0.009</factor>
    <min>0.11</min>
    <max>0.21</max>
    <offset>0.065</offset>
   </volume>
   <volume>
    <property>/engines/engine[1]/mp-osi</property>
    <factor>0.009</factor>
    <min>0.11</min>
    <max>0.21</max>
    <offset>0.065</offset>
   </volume>
   <volume>
    <property>/engines/engine[4]/mp-osi</property>
    <factor>0.009</factor>
    <min>0.11</min>
    <max>0.21</max>
    <offset>0.065</offset>
   </volume>
   <volume>
    <property>/engines/engine[5]/mp-osi</property>
    <factor>0.009</factor>
    <min>0.11</min>
    <max>0.21</max>
    <offset>0.065</offset>
   </volume>
   <volume>
    <property>/engines/engine[8]/mp-osi</property>
    <factor>0.009</factor>
    <min>0.11</min>
    <max>0.21</max>
    <offset>0.065</offset>
   </volume>
   <volume>
    <property>/engines/engine[9]/mp-osi</property>
    <factor>0.009</factor>
    <min>0.11</min>
    <max>0.21</max>
    <offset>0.065</offset>
   </volume>
   <pitch>
    <property>/engines/engine[0]/rpm</property>
    <factor>0.0009</factor>
    <min>0.55</min>
    <max>4.5</max>
    <offset>0.3</offset>
   </pitch>
   <pitch>
    <property>/engines/engine[1]/rpm</property>
    <factor>0.0009</factor>
    <min>0.55</min>
    <max>4.5</max>
    <offset>0.3</offset>
   </pitch>
   <pitch>
    <property>/engines/engine[4]/rpm</property>
    <factor>0.0009</factor>
    <min>0.55</min>
    <max>4.5</max>
    <offset>0.3</offset>
   </pitch>
   <pitch>
    <property>/engines/engine[5]/rpm</property>
    <factor>0.0009</factor>
    <min>0.55</min>
    <max>4.5</max>
    <offset>0.3</offset>
   </pitch>
   <pitch>
    <property>/engines/engine[8]/rpm</property>
    <factor>0.0009</factor>
    <min>0.55</min>
    <max>4.5</max>
    <offset>0.3</offset>
   </pitch>
   <pitch>
    <property>/engines/engine[9]/rpm</property>
    <factor>0.0009</factor>
    <min>0.55</min>
    <max>4.5</max>
    <offset>0.3</offset>
   </pitch>
  </engine>

<!-- external -->

  <engine>
   <name>engine1 external</name>
   <mode>looped</mode>
   <path>Sounds/wasp.wav</path>
   <condition>
    <and>
     <or>
      <and>
       <property>/engines/engine[0]/running</property>
       <greater-than-equals>
        <property>/engines/engine[0]/mp-osi</property>
        <value>1.75</value>
       </greater-than-equals>
      </and>
      <and>
       <property>/engines/engine[1]/running</property>
       <greater-than-equals>
        <property>/engines/engine[1]/mp-osi</property>
        <value>1.75</value>
       </greater-than-equals>
      </and>
      <and>
       <property>/engines/engine[4]/running</property>
       <greater-than-equals>
        <property>/engines/engine[4]/mp-osi</property>
        <value>1.75</value>
       </greater-than-equals>
      </and>
      <and>
       <property>/engines/engine[5]/running</property>
       <greater-than-equals>
        <property>/engines/engine[5]/mp-osi</property>
        <value>1.75</value>
       </greater-than-equals>
      </and>
      <and>
       <property>/engines/engine[8]/running</property>
       <greater-than-equals>
        <property>/engines/engine[8]/mp-osi</property>
        <value>1.75</value>
       </greater-than-equals>
      </and>
      <and>
       <property>/engines/engine[9]/running</property>
       <greater-than-equals>
        <property>/engines/engine[9]/mp-osi</property>
        <value>1.75</value>
       </greater-than-equals>
      </and>
     </or>
     <not>
      <property>/sim/current-view/internal</property>
     </not>
    </and>
   </condition>
   <position>
    <x>15.0</x>
    <y>-5.0</y>
    <z>0.0</z>
   </position>
   <volume>
    <property>/engines/engine[0]/mp-osi</property>
    <factor>0.009</factor>
    <min>0.08</min>
    <max>0.50</max>
    <offset>0.07</offset>
   </volume>
   <volume>
    <property>/engines/engine[1]/mp-osi</property>
    <factor>0.009</factor>
    <min>0.08</min>
    <max>0.50</max>
    <offset>0.07</offset>
   </volume>
   <volume>
    <property>/engines/engine[4]/mp-osi</property>
    <factor>0.009</factor>
    <min>0.08</min>
    <max>0.50</max>
    <offset>0.07</offset>
   </volume>
   <volume>
    <property>/engines/engine[5]/mp-osi</property>
    <factor>0.009</factor>
    <min>0.08</min>
    <max>0.50</max>
    <offset>0.07</offset>
   </volume>
   <volume>
    <property>/engines/engine[8]/mp-osi</property>
    <factor>0.009</factor>
    <min>0.08</min>
    <max>0.50</max>
    <offset>0.07</offset>
   </volume>
   <volume>
    <property>/engines/engine[9]/mp-osi</property>
    <factor>0.009</factor>
    <min>0.08</min>
    <max>0.50</max>
    <offset>0.07</offset>
   </volume>
   <pitch>
    <property>/engines/engine[0]/rpm</property>
    <factor>0.0003</factor>
    <min>0.1</min>
    <max>2.0</max>
    <offset>0.3</offset>
   </pitch>
   <pitch>
    <property>/engines/engine[1]/rpm</property>
    <factor>0.0003</factor>
    <min>0.1</min>
    <max>2.0</max>
    <offset>0.3</offset>
   </pitch>
   <pitch>
    <property>/engines/engine[4]/rpm</property>
    <factor>0.0003</factor>
    <min>0.1</min>
    <max>2.0</max>
    <offset>0.3</offset>
   </pitch>
   <pitch>
    <property>/engines/engine[5]/rpm</property>
    <factor>0.0003</factor>
    <min>0.1</min>
    <max>2.0</max>
    <offset>0.3</offset>
   </pitch>
   <pitch>
    <property>/engines/engine[8]/rpm</property>
    <factor>0.0003</factor>
    <min>0.1</min>
    <max>2.0</max>
    <offset>0.3</offset>
   </pitch>
   <pitch>
    <property>/engines/engine[9]/rpm</property>
    <factor>0.0003</factor>
    <min>0.1</min>
    <max>2.0</max>
    <offset>0.3</offset>
   </pitch>
  </engine>

  <engine>
   <name>idle1 external</name>
   <mode>looped</mode>
   <path>Aircraft/DO-X/Sounds/engine_idle.wav</path>
   <condition>
    <and>
     <or>
      <and>
       <property>/engines/engine[0]/running</property>
       <less-than>
        <property>/engines/engine[0]/mp-osi</property>
        <value>13.5</value>
       </less-than>
      </and>
      <and>
       <property>/engines/engine[1]/running</property>
        <less-than>
        <property>/engines/engine[1]/mp-osi</property>
        <value>13.5</value>
       </less-than>
      </and>
      <and>
       <property>/engines/engine[4]/running</property>
        <less-than>
        <property>/engines/engine[4]/mp-osi</property>
        <value>13.5</value>
       </less-than>
      </and>
      <and>
       <property>/engines/engine[5]/running</property>
        <less-than>
        <property>/engines/engine[5]/mp-osi</property>
        <value>13.5</value>
       </less-than>
      </and>
      <and>
       <property>/engines/engine[8]/running</property>
        <less-than>
        <property>/engines/engine[8]/mp-osi</property>
        <value>13.5</value>
       </less-than>
      </and>
      <and>
       <property>/engines/engine[9]/running</property>
        <less-than>
        <property>/engines/engine[9]/mp-osi</property>
        <value>13.5</value>
       </less-than>
      </and>
     </or>
     <not>
      <property>/sim/current-view/internal</property>
     </not>
    </and>
   </condition>
   <position>
    <x>15.0</x>
    <y>-5.0</y>
    <z>0.0</z>
   </position>
   <volume>
    <property>/engines/engine[0]/mp-osi</property>
    <factor>0.009</factor>
    <min>0.21</min>
    <max>0.31</max>
    <offset>0.065</offset>
   </volume>
   <volume>
    <property>/engines/engine[1]/mp-osi</property>
    <factor>0.009</factor>
    <min>0.21</min>
    <max>0.31</max>
    <offset>0.065</offset>
   </volume>
   <volume>
    <property>/engines/engine[4]/mp-osi</property>
    <factor>0.009</factor>
    <min>0.21</min>
    <max>0.31</max>
    <offset>0.065</offset>
   </volume>
   <volume>
    <property>/engines/engine[5]/mp-osi</property>
    <factor>0.009</factor>
    <min>0.21</min>
    <max>0.31</max>
    <offset>0.065</offset>
   </volume>
   <volume>
    <property>/engines/engine[8]/mp-osi</property>
    <factor>0.009</factor>
    <min>0.21</min>
    <max>0.31</max>
    <offset>0.065</offset>
   </volume>
   <volume>
    <property>/engines/engine[9]/mp-osi</property>
    <factor>0.009</factor>
    <min>0.21</min>
    <max>0.31</max>
    <offset>0.065</offset>
   </volume>
   <pitch>
    <property>/engines/engine[0]/rpm</property>
    <factor>0.0009</factor>
    <min>0.55</min>
    <max>4.5</max>
    <offset>0.3</offset>
   </pitch>
   <pitch>
    <property>/engines/engine[1]/rpm</property>
    <factor>0.0009</factor>
    <min>0.55</min>
    <max>4.5</max>
    <offset>0.3</offset>
   </pitch>
   <pitch>
    <property>/engines/engine[4]/rpm</property>
    <factor>0.0009</factor>
    <min>0.55</min>
    <max>4.5</max>
    <offset>0.3</offset>
   </pitch>
   <pitch>
    <property>/engines/engine[5]/rpm</property>
    <factor>0.0009</factor>
    <min>0.55</min>
    <max>4.5</max>
    <offset>0.3</offset>
   </pitch>
   <pitch>
    <property>/engines/engine[8]/rpm</property>
    <factor>0.0009</factor>
    <min>0.55</min>
    <max>4.5</max>
    <offset>0.3</offset>
   </pitch>
   <pitch>
    <property>/engines/engine[9]/rpm</property>
    <factor>0.0009</factor>
    <min>0.55</min>
    <max>4.5</max>
    <offset>0.3</offset>
   </pitch>
  </engine>

<!-- ENGINES 2,3,5,7,10,11 -->

  <crank>
   <name>engstart2</name>
   <path>Sounds/engstart.wav</path>
   <condition>
    <or>
     <property>/engines/engine[2]/cranking</property>
     <property>/engines/engine[3]/cranking</property>
     <property>/engines/engine[6]/cranking</property>
     <property>/engines/engine[7]/cranking</property>
     <property>/engines/engine[10]/cranking</property>
     <property>/engines/engine[11]/cranking</property>
    </or>
   </condition>
   <position>
    <x>15.0</x>
    <y>-5.0</y>
    <z>0.0</z>
   </position>
   <volume>
    <offset>0.4</offset>
   </volume>
  </crank>

  <crank>
   <name>crank2</name>
   <mode>looped</mode>
   <path>Sounds/cranking.wav</path>
   <condition>
    <or>
     <and>
      <property>/engines/engine[2]/cranking</property>
      <not>
       <property>/engines/engine[2]/running</property>
      </not>
     </and>
     <and>
      <property>/engines/engine[3]/cranking</property>
      <not>
       <property>/engines/engine[3]/running</property>
      </not>
     </and>
     <and>
      <property>/engines/engine[6]/cranking</property>
      <not>
       <property>/engines/engine[6]/running</property>
      </not>
     </and>
     <and>
      <property>/engines/engine[7]/cranking</property>
      <not>
       <property>/engines/engine[7]/running</property>
      </not>
     </and>
     <and>
      <property>/engines/engine[10]/cranking</property>
      <not>
       <property>/engines/engine[10]/running</property>
      </not>
     </and>
     <and>
      <property>/engines/engine[11]/cranking</property>
      <not>
       <property>/engines/engine[11]/running</property>
      </not>
     </and>
    </or>
   </condition>
   <position>
    <x>15.0</x>
    <y>-5.0</y>
    <z>0.0</z>
   </position>
   <volume>
    <offset>0.5</offset>
   </volume>
  </crank>

  <crank>
   <name>cough2</name>
   <path>Sounds/coughing.wav</path>
   <condition>
    <or>
     <property>/engines/engine[2]/running</property>
    </or>
   </condition>
   <position>
    <x>15.0</x>
    <y>-5.0</y>
    <z>0.0</z>
   </position>
   <volume>
    <offset>0.3</offset>
   </volume>
  </crank>

<crank>
   <name>cough3</name>
   <path>Sounds/coughing.wav</path>
   <condition>
    <or>
     <property>/engines/engine[3]/running</property>
    </or>
   </condition>
   <position>
    <x>15.0</x>
    <y>-5.0</y>
    <z>0.0</z>
   </position>
   <volume>
    <offset>0.3</offset>
   </volume>
  </crank> 

<crank>
   <name>cough6</name>
   <path>Sounds/coughing.wav</path>
   <condition>
    <or>
     <property>/engines/engine[6]/running</property>
    </or>
   </condition>
   <position>
    <x>15.0</x>
    <y>-5.0</y>
    <z>0.0</z>
   </position>
   <volume>
    <offset>0.3</offset>
   </volume>
  </crank> 

<crank>
   <name>cough7</name>
   <path>Sounds/coughing.wav</path>
   <condition>
    <or>
     <property>/engines/engine[7]/running</property>
    </or>
   </condition>
   <position>
    <x>15.0</x>
    <y>-5.0</y>
    <z>0.0</z>
   </position>
   <volume>
    <offset>0.3</offset>
   </volume>
  </crank> 

<crank>
   <name>cough10</name>
   <path>Sounds/coughing.wav</path>
   <condition>
    <or>
     <property>/engines/engine[10]/running</property>
    </or>
   </condition>
   <position>
    <x>15.0</x>
    <y>-5.0</y>
    <z>0.0</z>
   </position>
   <volume>
    <offset>0.3</offset>
   </volume>
  </crank> 

<crank>
   <name>cough11</name>
   <path>Sounds/coughing.wav</path>
   <condition>
    <or>
     <property>/engines/engine[11]/running</property>
    </or>
   </condition>
   <position>
    <x>15.0</x>
    <y>-5.0</y>
    <z>0.0</z>
   </position>
   <volume>
    <offset>0.3</offset>
   </volume>
  </crank> 

<!-- engine stop only ask over magnetos setting for the moment :-( -->
<crank>
   <name>stop2</name>
   <path>Aircraft/DO-X/Sounds/engine_down.wav</path>
   <condition>
      <equals>
     <property>controls/engines/engine[2]/magnetos</property>
      <value>0</value>
      </equals>
   </condition>
   <position>
    <x>15.0</x>
    <y>-5.0</y>
    <z>0.0</z>
   </position>
   <volume>
    <offset>0.007</offset>
   </volume>
  </crank>

<crank>
   <name>stop3</name>
   <path>Aircraft/DO-X/Sounds/engine_down.wav</path>
   <condition>
      <equals>
     <property>controls/engines/engine[3]/magnetos</property>
      <value>0</value>
      </equals>
   </condition>
   <position>
    <x>15.0</x>
    <y>-5.0</y>
    <z>0.0</z>
   </position>
   <volume>
    <offset>0.007</offset>
   </volume>
  </crank>

<crank>
   <name>stop6</name>
   <path>Aircraft/DO-X/Sounds/engine_down.wav</path>
   <condition>
      <equals>
     <property>controls/engines/engine[6]/magnetos</property>
      <value>0</value>
      </equals>
   </condition>
   <position>
    <x>15.0</x>
    <y>-5.0</y>
    <z>0.0</z>
   </position>
   <volume>
    <offset>0.007</offset>
   </volume>
  </crank>

<crank>
   <name>stop7</name>
   <path>Aircraft/DO-X/Sounds/engine_down.wav</path>
   <condition>
      <equals>
     <property>controls/engines/engine[7]/magnetos</property>
      <value>0</value>
      </equals>
   </condition>
   <position>
    <x>15.0</x>
    <y>-5.0</y>
    <z>0.0</z>
   </position>
   <volume>
    <offset>0.007</offset>
   </volume>
  </crank>

<crank>
   <name>stop10</name>
   <path>Aircraft/DO-X/Sounds/engine_down.wav</path>
   <condition>
      <equals>
     <property>controls/engines/engine[10]/magnetos</property>
      <value>0</value>
      </equals>
   </condition>
   <position>
    <x>15.0</x>
    <y>-5.0</y>
    <z>0.0</z>
   </position>
   <volume>
    <offset>0.007</offset>
   </volume>
  </crank>

<crank>
   <name>stop11</name>
   <path>Aircraft/DO-X/Sounds/engine_down.wav</path>
   <condition>
      <equals>
     <property>controls/engines/engine[11]/magnetos</property>
      <value>0</value>
      </equals>
   </condition>
   <position>
    <x>15.0</x>
    <y>-5.0</y>
    <z>0.0</z>
   </position>
   <volume>
    <offset>0.007</offset>
   </volume>
  </crank> 

<!-- internal -->

  <engine>
   <name>engine2</name>
   <mode>looped</mode>
   <path>Sounds/wasp.wav</path>
   <condition>
    <and>
     <or>
      <and>
       <property>/engines/engine[2]/running</property>
       <greater-than-equals>
        <property>/engines/engine[2]/mp-osi</property>
        <value>1.75</value>
       </greater-than-equals>
      </and>
      <and>
       <property>/engines/engine[3]/running</property>
       <greater-than-equals>
        <property>/engines/engine[3]/mp-osi</property>
        <value>1.75</value>
       </greater-than-equals>
      </and>
      <and>
       <property>/engines/engine[6]/running</property>
       <greater-than-equals>
        <property>/engines/engine[6]/mp-osi</property>
        <value>1.75</value>
       </greater-than-equals>
      </and>
      <and>
       <property>/engines/engine[7]/running</property>
       <greater-than-equals>
        <property>/engines/engine[7]/mp-osi</property>
        <value>1.75</value>
       </greater-than-equals>
      </and>
      <and>
       <property>/engines/engine[10]/running</property>
       <greater-than-equals>
        <property>/engines/engine[10]/mp-osi</property>
        <value>1.75</value>
       </greater-than-equals>
      </and>
      <and>
       <property>/engines/engine[11]/running</property>
       <greater-than-equals>
        <property>/engines/engine[11]/mp-osi</property>
        <value>1.75</value>
       </greater-than-equals>
      </and>
     </or>
     <property>/sim/current-view/internal</property>
    </and>
   </condition>
   <position>
    <x>15.0</x>
    <y>-5.0</y>
    <z>0.0</z>
   </position>
   <volume>
    <property>/engines/engine[2]/mp-osi</property>
    <factor>0.009</factor>
    <min>0.01</min>
    <max>0.15</max>
    <offset>0.07</offset>
   </volume>
   <volume>
    <property>/engines/engine[3]/mp-osi</property>
    <factor>0.009</factor>
    <min>0.01</min>
    <max>0.15</max>
    <offset>0.07</offset>
   </volume>
   <volume>
    <property>/engines/engine[6]/mp-osi</property>
    <factor>0.009</factor>
    <min>0.01</min>
    <max>0.15</max>
    <offset>0.07</offset>
   </volume>
   <volume>
    <property>/engines/engine[7]/mp-osi</property>
    <factor>0.009</factor>
    <min>0.01</min>
    <max>0.15</max>
    <offset>0.07</offset>
   </volume>
   <volume>
    <property>/engines/engine[10]/mp-osi</property>
    <factor>0.009</factor>
    <min>0.01</min>
    <max>0.15</max>
    <offset>0.07</offset>
   </volume>
   <volume>
    <property>/engines/engine[11]/mp-osi</property>
    <factor>0.009</factor>
    <min>0.01</min>
    <max>0.15</max>
    <offset>0.07</offset>
   </volume>
   <pitch>
    <property>/engines/engine[2]/rpm</property>
    <factor>0.0003</factor>
    <min>0.1</min>
    <max>2.0</max>
    <offset>0.3</offset>
   </pitch>
   <pitch>
    <property>/engines/engine[3]/rpm</property>
    <factor>0.0003</factor>
    <min>0.1</min>
    <max>2.0</max>
    <offset>0.3</offset>
   </pitch>
   <pitch>
    <property>/engines/engine[6]/rpm</property>
    <factor>0.0003</factor>
    <min>0.1</min>
    <max>2.0</max>
    <offset>0.3</offset>
   </pitch>
   <pitch>
    <property>/engines/engine[7]/rpm</property>
    <factor>0.0003</factor>
    <min>0.1</min>
    <max>2.0</max>
    <offset>0.3</offset>
   </pitch>
   <pitch>
    <property>/engines/engine[10]/rpm</property>
    <factor>0.0003</factor>
    <min>0.1</min>
    <max>2.0</max>
    <offset>0.3</offset>
   </pitch>
   <pitch>
    <property>/engines/engine[11]/rpm</property>
    <factor>0.0003</factor>
    <min>0.1</min>
    <max>2.0</max>
    <offset>0.3</offset>
   </pitch>
  </engine>

  <engine>
   <name>idle2</name>
   <mode>looped</mode>
   <path>Sounds/wasp.wav</path>
   <condition>
    <and>
     <or>
      <and>
       <property>/engines/engine[2]/running</property>
       <less-than>
        <property>/engines/engine[2]/mp-osi</property>
        <value>13.5</value>
       </less-than>
      </and>
      <and>
       <property>/engines/engine[3]/running</property>
       <less-than>
        <property>/engines/engine[3]/mp-osi</property>
        <value>13.5</value>
       </less-than>
      </and>
      <and>
       <property>/engines/engine[6]/running</property>
       <less-than>
        <property>/engines/engine[6]/mp-osi</property>
        <value>13.5</value>
       </less-than>
      </and>
      <and>
       <property>/engines/engine[7]/running</property>
       <less-than>
        <property>/engines/engine[7]/mp-osi</property>
        <value>13.5</value>
       </less-than>
      </and>
      <and>
       <property>/engines/engine[10]/running</property>
       <less-than>
        <property>/engines/engine[10]/mp-osi</property>
        <value>13.5</value>
       </less-than>
      </and>
      <and>
       <property>/engines/engine[11]/running</property>
       <less-than>
        <property>/engines/engine[11]/mp-osi</property>
        <value>13.5</value>
       </less-than>
      </and>
     </or>
     <property>/sim/current-view/internal</property>
    </and>
   </condition>
   <position>
    <x>15.0</x>
    <y>-5.0</y>
    <z>0.0</z>
   </position>
   <volume>
    <property>/engines/engine[2]/mp-osi</property>
    <factor>0.009</factor>
    <min>0.11</min>
    <max>0.21</max>
    <offset>0.065</offset>
   </volume>
   <volume>
    <property>/engines/engine[3]/mp-osi</property>
    <factor>0.009</factor>
    <min>0.11</min>
    <max>0.21</max>
    <offset>0.065</offset>
   </volume>
   <volume>
    <property>/engines/engine[6]/mp-osi</property>
    <factor>0.009</factor>
    <min>0.11</min>
    <max>0.21</max>
    <offset>0.065</offset>
   </volume>
   <volume>
    <property>/engines/engine[7]/mp-osi</property>
    <factor>0.009</factor>
    <min>0.11</min>
    <max>0.21</max>
    <offset>0.065</offset>
   </volume>
   <volume>
    <property>/engines/engine[10]/mp-osi</property>
    <factor>0.009</factor>
    <min>0.11</min>
    <max>0.21</max>
    <offset>0.065</offset>
   </volume>
   <volume>
    <property>/engines/engine[11]/mp-osi</property>
    <factor>0.009</factor>
    <min>0.11</min>
    <max>0.21</max>
    <offset>0.065</offset>
   </volume>
   <pitch>
    <property>/engines/engine[2]/rpm</property>
    <factor>0.0009</factor>
    <min>0.55</min>
    <max>4.5</max>
    <offset>0.3</offset>
   </pitch>
   <pitch>
    <property>/engines/engine[3]/rpm</property>
    <factor>0.0009</factor>
    <min>0.55</min>
    <max>4.5</max>
    <offset>0.3</offset>
   </pitch>
   <pitch>
    <property>/engines/engine[6]/rpm</property>
    <factor>0.0009</factor>
    <min>0.55</min>
    <max>4.5</max>
    <offset>0.3</offset>
   </pitch>
   <pitch>
    <property>/engines/engine[7]/rpm</property>
    <factor>0.0009</factor>
    <min>0.55</min>
    <max>4.5</max>
    <offset>0.3</offset>
   </pitch>
   <pitch>
    <property>/engines/engine[10]/rpm</property>
    <factor>0.0009</factor>
    <min>0.55</min>
    <max>4.5</max>
    <offset>0.3</offset>
   </pitch>
   <pitch>
    <property>/engines/engine[11]/rpm</property>
    <factor>0.0009</factor>
    <min>0.55</min>
    <max>4.5</max>
    <offset>0.3</offset>
   </pitch>
  </engine>

<!-- external -->

  <engine>
   <name>engine2 external</name>
   <mode>looped</mode>
   <path>Sounds/wasp.wav</path>
   <condition>
    <and>
     <or>
      <and>
       <property>/engines/engine[2]/running</property>
       <greater-than-equals>
        <property>/engines/engine[2]/mp-osi</property>
        <value>1.75</value>
       </greater-than-equals>
      </and>
      <and>
       <property>/engines/engine[3]/running</property>
       <greater-than-equals>
        <property>/engines/engine[3]/mp-osi</property>
        <value>1.75</value>
       </greater-than-equals>
      </and>
      <and>
       <property>/engines/engine[6]/running</property>
       <greater-than-equals>
        <property>/engines/engine[6]/mp-osi</property>
        <value>1.75</value>
       </greater-than-equals>
      </and>
      <and>
       <property>/engines/engine[7]/running</property>
       <greater-than-equals>
        <property>/engines/engine[7]/mp-osi</property>
        <value>1.75</value>
       </greater-than-equals>
      </and>
      <and>
       <property>/engines/engine[10]/running</property>
       <greater-than-equals>
        <property>/engines/engine[10]/mp-osi</property>
        <value>1.75</value>
       </greater-than-equals>
      </and>
      <and>
       <property>/engines/engine[11]/running</property>
       <greater-than-equals>
        <property>/engines/engine[11]/mp-osi</property>
        <value>1.75</value>
       </greater-than-equals>
      </and>
     </or>
     <not>
      <property>/sim/current-view/internal</property>
     </not>
    </and>
   </condition>
   <position>
    <x>15.0</x>
    <y>-5.0</y>
    <z>0.0</z>
   </position>
   <volume>
    <property>/engines/engine[2]/mp-osi</property>
    <factor>0.009</factor>
    <min>0.08</min>
    <max>0.50</max>
    <offset>0.07</offset>
   </volume>
   <volume>
    <property>/engines/engine[3]/mp-osi</property>
    <factor>0.009</factor>
    <min>0.08</min>
    <max>0.50</max>
    <offset>0.07</offset>
   </volume>
   <volume>
    <property>/engines/engine[6]/mp-osi</property>
    <factor>0.009</factor>
    <min>0.08</min>
    <max>0.50</max>
    <offset>0.07</offset>
   </volume>
   <volume>
    <property>/engines/engine[7]/mp-osi</property>
    <factor>0.009</factor>
    <min>0.08</min>
    <max>0.50</max>
    <offset>0.07</offset>
   </volume>
   <volume>
    <property>/engines/engine[10]/mp-osi</property>
    <factor>0.009</factor>
    <min>0.08</min>
    <max>0.50</max>
    <offset>0.07</offset>
   </volume>
   <volume>
    <property>/engines/engine[11]/mp-osi</property>
    <factor>0.009</factor>
    <min>0.08</min>
    <max>0.50</max>
    <offset>0.07</offset>
   </volume>
   <pitch>
    <property>/engines/engine[2]/rpm</property>
    <factor>0.0003</factor>
    <min>0.1</min>
    <max>2.0</max>
    <offset>0.3</offset>
   </pitch>
   <pitch>
    <property>/engines/engine[3]/rpm</property>
    <factor>0.0003</factor>
    <min>0.1</min>
    <max>2.0</max>
    <offset>0.3</offset>
   </pitch>
   <pitch>
    <property>/engines/engine[6]/rpm</property>
    <factor>0.0003</factor>
    <min>0.1</min>
    <max>2.0</max>
    <offset>0.3</offset>
   </pitch>
   <pitch>
    <property>/engines/engine[7]/rpm</property>
    <factor>0.0003</factor>
    <min>0.1</min>
    <max>2.0</max>
    <offset>0.3</offset>
   </pitch>
   <pitch>
    <property>/engines/engine[10]/rpm</property>
    <factor>0.0003</factor>
    <min>0.1</min>
    <max>2.0</max>
    <offset>0.3</offset>
   </pitch>
   <pitch>
    <property>/engines/engine[11]/rpm</property>
    <factor>0.0003</factor>
    <min>0.1</min>
    <max>2.0</max>
    <offset>0.3</offset>
   </pitch>
  </engine>

  <engine>
   <name>idle2 external</name>
   <mode>looped</mode>
   <path>Aircraft/DO-X/Sounds/engine_idle.wav</path>
   <condition>
    <and>
     <or>
      <and>
       <property>/engines/engine[2]/running</property>
       <less-than>
        <property>/engines/engine[2]/mp-osi</property>
        <value>13.5</value>
       </less-than>
      </and>
      <and>
       <property>/engines/engine[3]/running</property>
        <less-than>
        <property>/engines/engine[3]/mp-osi</property>
        <value>13.5</value>
       </less-than>
      </and>
      <and>
       <property>/engines/engine[6]/running</property>
        <less-than>
        <property>/engines/engine[6]/mp-osi</property>
        <value>13.5</value>
       </less-than>
      </and>
      <and>
       <property>/engines/engine[7]/running</property>
        <less-than>
        <property>/engines/engine[7]/mp-osi</property>
        <value>13.5</value>
       </less-than>
      </and>
      <and>
       <property>/engines/engine[10]/running</property>
        <less-than>
        <property>/engines/engine[10]/mp-osi</property>
        <value>13.5</value>
       </less-than>
      </and>
      <and>
       <property>/engines/engine[11]/running</property>
        <less-than>
        <property>/engines/engine[11]/mp-osi</property>
        <value>13.5</value>
       </less-than>
      </and>
     </or>
     <not>
      <property>/sim/current-view/internal</property>
     </not>
    </and>
   </condition>
   <position>
    <x>15.0</x>
    <y>-5.0</y>
    <z>0.0</z>
   </position>
   <volume>
    <property>/engines/engine[2]/mp-osi</property>
    <factor>0.009</factor>
    <min>0.21</min>
    <max>0.31</max>
    <offset>0.065</offset>
   </volume>
   <volume>
    <property>/engines/engine[3]/mp-osi</property>
    <factor>0.009</factor>
    <min>0.21</min>
    <max>0.31</max>
    <offset>0.065</offset>
   </volume>
   <volume>
    <property>/engines/engine[6]/mp-osi</property>
    <factor>0.009</factor>
    <min>0.21</min>
    <max>0.31</max>
    <offset>0.065</offset>
   </volume>
   <volume>
    <property>/engines/engine[7]/mp-osi</property>
    <factor>0.009</factor>
    <min>0.21</min>
    <max>0.31</max>
    <offset>0.065</offset>
   </volume>
   <volume>
    <property>/engines/engine[10]/mp-osi</property>
    <factor>0.009</factor>
    <min>0.21</min>
    <max>0.31</max>
    <offset>0.065</offset>
   </volume>
   <volume>
    <property>/engines/engine[11]/mp-osi</property>
    <factor>0.009</factor>
    <min>0.21</min>
    <max>0.31</max>
    <offset>0.065</offset>
   </volume>
   <pitch>
    <property>/engines/engine[2]/rpm</property>
    <factor>0.0009</factor>
    <min>0.55</min>
    <max>4.5</max>
    <offset>0.3</offset>
   </pitch>
   <pitch>
    <property>/engines/engine[3]/rpm</property>
    <factor>0.0009</factor>
    <min>0.55</min>
    <max>4.5</max>
    <offset>0.3</offset>
   </pitch>
   <pitch>
    <property>/engines/engine[6]/rpm</property>
    <factor>0.0009</factor>
    <min>0.55</min>
    <max>4.5</max>
    <offset>0.3</offset>
   </pitch>
   <pitch>
    <property>/engines/engine[7]/rpm</property>
    <factor>0.0009</factor>
    <min>0.55</min>
    <max>4.5</max>
    <offset>0.3</offset>
   </pitch>
   <pitch>
    <property>/engines/engine[10]/rpm</property>
    <factor>0.0009</factor>
    <min>0.55</min>
    <max>4.5</max>
    <offset>0.3</offset>
   </pitch>
   <pitch>
    <property>/engines/engine[11]/rpm</property>
    <factor>0.0009</factor>
    <min>0.55</min>
    <max>4.5</max>
    <offset>0.3</offset>
   </pitch>
  </engine>

<!-- COCKPIT -->

  <squeal>
   <name>squeal</name>
   <path>Sounds/squeal.wav</path>
   <condition>
    <or>
     <property>/gear/gear[0]/wow</property>
     <property>/gear/gear[1]/wow</property>
     <property>/gear/gear[2]/wow</property>
    </or>
   </condition>
   <volume>
    <property>/velocities/speed-down-fps</property>
    <factor>0.05</factor>
   </volume>
   <volume>
    <property>/velocities/airspeed-kt</property>
    <factor>0.01</factor>
   </volume>
   <volume>
    <internal>dt_stop</internal>
    <factor>0.05</factor>
    <max>1.0</max>
   </volume>
   <pitch>
    <property>/velocities/airspeed-kt</property>
    <factor>0.0025</factor>
    <offset>1.2</offset>
   </pitch>
  </squeal>
 
  <flap>
   <name>flaps</name>
   <mode>in-transit</mode>
   <path>Aircraft/DO-X/Sounds/flap_move.wav</path>
   <property>/surface-positions/flap-pos-norm</property>
   <volume>
    <factor>0.2</factor>
   </volume>
   <reference-dist>10.0</reference-dist>
   <max-dist>20.0</max-dist>
  </flap>

  <wind>
   <name>wind</name>
   <mode>looped</mode>
   <path>Sounds/wind.wav</path>
   <property>/velocities/airspeed-kt</property>
   <volume>
    <property>/position/altitude-ft</property>
    <factor>-0.000015</factor>
    <offset>0.6</offset>
    <min>0.1</min>
    <max>1.0</max>
   </volume>
   <volume>
     <property>/velocities/airspeed-kt</property>
     <factor>0.0015</factor>
     <min>0.01</min>
     <max>0.08</max>
   </volume>
   <pitch>
    <property>/velocities/airspeed-kt</property>
    <factor>0.01</factor>
    <offset>1.25</offset>
   </pitch>
  </wind>

<!-- COMMON SOUNDS -->

    <propeller>
      <name>propeller1</name>
      <mode>looped</mode>
      <path>Sounds/turboprop1.wav</path>
      <property>/engines/engine[0]/running</property>
      <volume>
        <property>/orientation/alpha-deg</property>
        <type>log</type>
        <min>0.2</min>
        <max>0.8</max>
      </volume>
      <volume>
        <property>/sim/current-view/internal</property>
        <factor>0.5</factor>
      </volume>
      <pitch>
        <property>/engines/engine[0]/mp-osi</property>
        <factor>0.0036</factor>
        <min>0.5</min>
        <max>2.0</max>
        <offset>0.9</offset>
      </pitch>
      <reference-dist>100</reference-dist>
      <max-dist>1000</max-dist>
    </propeller>
    <propeller>
      <name>propeller2</name>
      <mode>looped</mode>
      <path>Sounds/turboprop1.wav</path>
      <property>/engines/engine[1]/running</property>
      <volume>
        <property>/orientation/alpha-deg</property>
        <type>log</type>
        <min>0.2</min>
        <max>0.8</max>
      </volume>
      <volume>
        <property>/sim/current-view/internal</property>
        <factor>0.5</factor>
      </volume>
      <pitch>
        <property>/engines/engine[1]/mp-osi</property>
        <factor>0.0036</factor>
        <min>0.5</min>
        <max>2.0</max>
        <offset>0.9</offset>
      </pitch>
      <reference-dist>100</reference-dist>
      <max-dist>1000</max-dist>
    </propeller>

    <rumble>
      <name>rumble</name>
      <mode>looped</mode>
      <path>/Sounds/wave.wav</path>
      <condition>
        <or>
          <property>/gear/gear[0]/wow</property>
          <property>/gear/gear[1]/wow</property>
          <property>/gear/gear[2]/wow</property>
          <property>/gear/gear[3]/wow</property>
          <property>/gear/gear[4]/wow</property>
        </or>
      </condition>
      <volume>
        <property>/velocities/airspeed-kt</property>
        <type>log</type>
        <factor>0.25</factor>
      </volume>
      <reference-dist>100</reference-dist>
      <max-dist>1000</max-dist>
    </rumble>

    <squeal>
     <name>water</name>
     <path>Sounds/wave.wav</path>
     <condition>
       <or>
         <property>/gear/gear[0]/wow</property>
         <property>/gear/gear[1]/wow</property>
         <property>/gear/gear[2]/wow</property>
         <property>/gear/gear[3]/wow</property>
         <property>/gear/gear[4]/wow</property>
       </or>
     </condition>
     <volume>
       <property>/velocities/speed-down-fps</property>
       <factor>0.5</factor>
       <max>1.0</max>
     </volume>
     <volume>
       <property>/velocities/speed-down-fps</property>
       <factor>0.5</factor>
       <max>1.0</max>
      <reference-dist>100</reference-dist>
      <max-dist>1000</max-dist>
     </volume>
     <volume>
       <internal>dt_stop</internal>
       <factor>0.05</factor>
       <max>1.0</max>
     </volume>
     <pitch>
       <property>/velocities/airspeed-kt</property>
       <factor>0.0025</factor>
       <offset>0.5</offset>
       <max>1.0</max>
     </pitch>
      <reference-dist>100</reference-dist>
      <max-dist>1000</max-dist>
   </squeal>

  <stall>
   <name>stall</name>
   <path>Aircraft/DO-X/Sounds/stall_horn.wav</path>
   <property>/sim/alarms/stall-warning</property>
   <volume>
    <property>/velocities/airspeed-kt</property>
    <min>30.0</min>
   </volume>
   <reference-dist>10.0</reference-dist>
   <max-dist>20.0</max-dist>
  </stall>

  <horn>
   <name>Mater horn</name>
   <path>Aircraft/DO-X/Sounds/honk.wav</path>
   <condition>
     <property>/controls/switches/horn</property>
   </condition>
   <volume>
    <factor>1.0</factor>
   </volume>
  </horn>

  <ding>
   <name>Command bell</name>
   <path>Aircraft/DO-X/Sounds/cmd-ding.wav</path>
   <condition>
     <property>/controls/switches/command-bell</property>
   </condition>
   <volume>
    <factor>1.0</factor>
   </volume>
  </ding>

  <door>
   <name>Crew door</name>
   <path>Sounds/door_close.wav</path>
   <condition>
    <or>
      <equals>
       <property>/controls/door-crew/position-norm</property>
       <value>0.0</value>
      </equals>
      <equals>
       <property>/controls/door-crew/position-norm</property>
       <value>1.0</value>
      </equals>
    </or>
   </condition>
   <volume>
    <factor>0.5</factor>
   </volume>
  </door>

  <door>
   <name>Passenger door</name>
   <path>Sounds/door_close.wav</path>
   <condition>
    <equals>
     <property>/instrumentation/doors/passenger/position-norm</property>
     <value>0.0</value>
    </equals>
   </condition>
   <volume>
    <factor>0.2</factor>
   </volume>
  </door>

  <anchor>
   <name>Anchor down</name>
   <path>Aircraft/DO-X/Sounds/anchor-down.wav</path>
   <condition>
    <equals>
     <property>/controls/anchor</property>
     <value>1.0</value>
    </equals>
   </condition>
   <volume>
    <max>1.5</max>
   </volume>
  </anchor>
  <anchorup>
   <name>Anchor up</name>
   <path>Aircraft/DO-X/Sounds/anchor-up.wav</path>
   <condition>
    <equals>
     <property>/controls/anchor</property>
     <value>0.0</value>
    </equals>
   </condition>
   <volume>
    <max>1.5</max>
   </volume>
  </anchorup>

<!-- cannot disable click in external views, otherwise heard when ctrl-V -->

  <click>
   <name>click on</name>
   <path>Aircraft/DO-X/Sounds/cptonboard.wav</path>
   <condition>
    <property>/instrumentation/generic/click</property>
   </condition>
   <volume>
    <max>1.0</max>
   </volume>
  </click>

  <click>
   <name>click off</name>
   <path>Aircraft/DO-X/Sounds/cptonboard.wav</path>
   <condition>
    <not>
     <property>/instrumentation/generic/click</property>
    </not>
   </condition>
   <volume>
    <max>1.0</max>
   </volume>
  </click>

</fx>
 
</PropertyList>
