<?xml version="1.0" encoding="UTF-8"?>

<PropertyList>

  <path>doxtemp130.ac</path>

  <animation>
    <object-name>visses</object-name>
    <object-name>rebord</object-name>
    <object-name>face</object-name>
    <object-name>needle</object-name>
    <object-name>ring</object-name>

    <object-name>vitre</object-name>
  </animation>

  <animation>
    <type>shader</type>
    <shader>chrome</shader>
    <texture>Aircraft/Generic/Effects/glass_shader.png</texture>
    <object-name>vitre</object-name>
  </animation>

  <animation>
    <type>material</type>
    <object-name>face</object-name>
    <object-name>needle</object-name>
    <object-name>ring</object-name>
    <emission>
      <red> 1 </red>
      <green> 1 </green>
      <blue> 1 </blue>
      <factor-prop>/controls/lighting/brightness</factor-prop>
    </emission>
  </animation>

  <animation>
    <type>rotate</type>
    <object-name>needle</object-name>
    <property>/engines/engine[3]/oiltemp-degci</property>
    <interpolation>
      <entry><ind>   0 </ind><dep>   0 </dep></entry>
      <entry><ind> 130 </ind><dep> 130 </dep></entry>
    </interpolation>
     <axis>
      <y>  0 </y>
      <x> -1 </x>
      <z>  0 </z>
    </axis>
  </animation>

</PropertyList>

