<?xml version="1.0" encoding="UTF-8"?>

<PropertyList>

  <particlesystem>
    <name>tyre-smoke-n</name>
    <texture>smoke.png</texture>
    <emissive>false</emissive>
    <lighting>false</lighting>

    <offsets>
      <x-m> -0.3 </x-m>
      <y-m>  0.0 </y-m>
      <z-m>  0.0 </z-m>
    </offsets>

    <condition>
      <property>engines/engine[2]/cranking</property>
    </condition>

    <attach>world</attach>

    <placer>
      <type>point</type>
    </placer>

    <shooter>
      <theta-min-deg> 84.0 </theta-min-deg>
      <theta-max-deg> 86.0 </theta-max-deg>
      <phi-min-deg>   -1.5 </phi-min-deg>
      <phi-max-deg>    1.5 </phi-max-deg>
      <speed-mps>
        <value> 70 </value>
        <spread> 0 </spread>
      </speed-mps>
      <rotation-speed>
        <x-max-deg-sec>  5 </x-max-deg-sec>
        <x-min-deg-sec>  5 </x-min-deg-sec>
        <y-max-deg-sec>  5 </y-max-deg-sec>
        <y-min-deg-sec> 25 </y-min-deg-sec>
        <z-max-deg-sec> 25 </z-max-deg-sec>
        <z-min-deg-sec> 25 </z-min-deg-sec>
      </rotation-speed>
    </shooter>

    <counter>
      <particles-per-sec>
        <value>  120 </value>
        <spread>   5 </spread>
      </particles-per-sec>
    </counter>

    <align>billboard</align>

    <particle>
      <start>
        <color>
          <red><value>   0.30 </value></red>
          <green><value> 0.30 </value></green>
          <blue><value>  0.30 </value></blue>
          <alpha><value> 0.05 </value></alpha>
        </color>
        <size><value> 0.01 </value></size>
      </start>
      <end>
        <color>
          <red><value>   0.6 </value></red>
          <green><value> 0.6 </value></green>
          <blue><value>  0.6 </value></blue>
          <alpha><value> 1 </value></alpha>
        </color>
        <size><value> 0.50 </value></size>
      </end>
      <life-sec>
        <value> 0.8 </value>
      </life-sec>
      <mass-kg>  0.025 </mass-kg>
      <radius-m> 0.175 </radius-m>
    </particle>

    <program>
      <fluid>   air  </fluid>
      <gravity> true </gravity>
      <wind>    true </wind>
    </program>

  </particlesystem>

</PropertyList>

