<?xml version="1.0" encoding="UTF-8"?>

<PropertyList>

  <path>clock.ac</path>

  <animation>
    <!-- Objets opaques -->
    <object-name>rebord</object-name>
    <object-name>face</object-name>
    <object-name>chrono.sec</object-name>
    <object-name>chrono.min</object-name>
    <object-name>minutes</object-name>
    <object-name>hour</object-name>
    <object-name>pressureset</object-name>

    <!-- Objets transparents -->
    <object-name>vitre</object-name>
  </animation>

  <animation>
    <type>shader</type>
    <texture>Aircraft/Generic/Effects/glass_shader.png</texture>
    <texture>glass.png</texture>
  </animation>

  <animation>
    <type>noshadow</type>
    <object-name>vitre</object-name>
  </animation>

  <animation>
    <type>material</type>
    <object-name>face</object-name>
    <object-name>minutes</object-name>
    <object-name>hour</object-name>
    <object-name>chrono.min</object-name>
    <object-name>chrono.sec</object-name>
    <emission>
      <red> 1 </red>
      <green> 1 </green>
      <blue> 1 </blue>
      <factor-prop>/controls/lighting/brightness</factor-prop>
    </emission>
  </animation>

  <animation>
    <type>rotate</type>
    <object-name>hour</object-name>
    <property>/instrumentation/clock/indicated-sec</property>
    <factor>0.00833333333333333</factor>
    <axis>
      <x> -1 </x>
      <y>  0 </y>
      <z>  0 </z>
    </axis>
  </animation>

  <animation>
    <type>rotate</type>
    <object-name>minutes</object-name>
    <property>/instrumentation/clock/indicated-sec</property>
    <factor> 0.1 </factor>
    <axis>
      <x> -1 </x>
      <y>  0 </y>
      <z>  0 </z>
    </axis>
  </animation>

  <animation>
    <type>rotate</type>
    <object-name>chrono.min</object-name>
    <property>/instrumentation/clock/indicated-sec</property>
    <factor>0.1</factor>
    <axis>
      <x> -1 </x>
      <y>  0 </y>
      <z>  0 </z>
    </axis>
  </animation>

  <animation>
    <type>rotate</type>
    <object-name>chrono.sec</object-name>
    <property>/instrumentation/clock/indicated-sec</property>
    <factor>6</factor>
    <center>
      <x-m>  0.000 </x-m>
      <y-m>  0.000 </y-m>
      <z-m> -0.014 </z-m>
    </center>
    <axis>
      <x> -1 </x>
      <y>  0 </y>
      <z>  0 </z>
    </axis>
  </animation>

  <!-- Labels activated by hotspots -->
  <animation>
    <type>material</type>
    <object-name>LabelClock</object-name>
    <emission>
      <red>   1.0 </red>
      <green> 0.8 </green>
      <blue>  0.0 </blue>
    </emission>
  </animation>

  <animation>
    <type>select</type>
    <object-name>LabelClock</object-name>
    <condition>
      <property>/sim/panel-hotspots</property>
    </condition>
  </animation>

  <text>
    <name>LabelClock</name>
    <type type="string">literal</type>
    <text type="string">Clock</text>
    <draw-text type="bool">true</draw-text>
    <font>Helvetica.txf</font>
    <character-size type="double">0.012</character-size>
    <character-aspect-ratio type="double">1.0</character-aspect-ratio>
    <axis-alignment>yz-plane</axis-alignment>
    <max-height>0.2</max-height>
    <max-width>0.1</max-width>
    <font-resolution>
      <width type="int">32</width>
      <height type="int">32</height>
    </font-resolution>
    <alignment>center-center</alignment>
    <offsets>
      <x-m>  0.010 </x-m> <!-- near to panel -->
      <y-m>  0.000 </y-m> <!-- right -->
      <z-m>  0.065 </z-m> <!-- up -->
    </offsets>
  </text>

</PropertyList>

