<?xml version="1.0" encoding="UTF-8"?>

<PropertyList>

 <path>hi.ac</path>

  <animation>
    <object-name>visses</object-name>
    <object-name>rebord</object-name>
    <object-name>face</object-name>
    <object-name>front</object-name>
    <object-name>HdgBug</object-name>
    <object-name>OBS-Knob</object-name>
    <object-name>Hdg-Knob</object-name>
    <object-name>click-offset-L</object-name>
    <object-name>click-offset-R</object-name>
    <object-name>click-bug-L</object-name>
    <object-name>click-bug-R</object-name>

    <object-name>vitre</object-name>
  </animation>

  <animation>
    <type>shader</type>
    <shader>chrome</shader>
    <texture>Aircraft/Generic/Effects/glass_shader.png</texture>
    <object-name>vitre</object-name>
  </animation>

  <animation>
    <type>material</type>
    <object-name>face</object-name>
    <object-name>front</object-name>
    <object-name>HdgBug</object-name>
    <object-name>Hdg-Knob</object-name>
    <emission>
      <red> 1 </red>
      <green> 1 </green>
      <blue> 1 </blue>
      <factor-prop>/controls/lighting/brightness</factor-prop>
    </emission>
  </animation>

  <animation>
    <type>rotate</type>
    <object-name>face</object-name>
    <property>instrumentation/heading-indicator/indicated-heading-deg</property>
    <factor> -1 </factor>
    <axis>
      <x> -1 </x>
      <y>  0 </y>
      <z>  0 </z>
    </axis>
  </animation>

  <animation>
    <type>rotate</type>
    <object-name>HdgBug</object-name>
    <property>instrumentation/heading-indicator/indicated-heading-deg</property>
    <factor> -1 </factor>
    <axis>
      <x> -1 </x>
      <y>  0 </y>
      <z>  0 </z>
    </axis>
  </animation>

  <animation>
    <type>rotate</type>
    <object-name>HdgBug</object-name>
     <property>autopilot/settings/heading-bug-deg</property>
    <axis>
      <x> -1 </x>
      <y>  0 </y>
      <z>  0 </z>
    </axis>
  </animation>

  <!-- Heading Bug control -->
  <animation>
    <type>pick</type>
    <object-name>click-bug-L</object-name>
    <visible>false</visible>
    <action>
      <name>small decrease</name>
      <button>0</button>
      <repeatable>true</repeatable>
      <binding>
        <command>property-adjust</command>
        <property>autopilot/settings/heading-bug-deg</property>
        <step>-1</step>
        <min>0</min>
        <max>360</max>
        <wrap>1</wrap>
      </binding>
    </action>
    <action>
      <name>large decrease</name>
      <button>1</button>
      <repeatable>true</repeatable>
      <binding>
        <command>property-adjust</command>
        <property>autopilot/settings/heading-bug-deg</property>
        <step>-5</step>
        <min>0</min>
        <max>360</max>
        <wrap>1</wrap>
      </binding>
    </action>
    <action>
      <name>small decrease (scrollwheel)</name>
      <button>3</button>
      <repeatable>true</repeatable>
      <binding>
        <command>property-adjust</command>
        <property>autopilot/settings/heading-bug-deg</property>
        <step>-1</step>
        <min>0</min>
        <max>360</max>
        <wrap>1</wrap>
      </binding>
    </action>
    <action>
      <name>small increase (scrollwheel)</name>
      <button>4</button>
      <repeatable>true</repeatable>
      <binding>
        <command>property-adjust</command>
        <property>autopilot/settings/heading-bug-deg</property>
        <step>1</step>
        <min>0</min>
        <max>360</max>
        <wrap>1</wrap>
      </binding>
    </action>
  </animation>

  <animation>
    <type>pick</type>
    <object-name>click-bug-R</object-name>
    <visible>false</visible>
    <action>
      <name>small increase</name>
      <button>0</button>
      <repeatable>true</repeatable>
      <binding>
        <command>property-adjust</command>
        <property>autopilot/settings/heading-bug-deg</property>
        <step>1</step>
        <min>0</min>
        <max>360</max>
        <wrap>1</wrap>
      </binding>
    </action>
    <action>
      <name>large increase</name>
      <button>1</button>
      <repeatable>true</repeatable>
      <binding>
        <command>property-adjust</command>
        <property>autopilot/settings/heading-bug-deg</property>
        <step>5</step>
        <min>0</min>
        <max>360</max>
        <wrap>1</wrap>
      </binding>
    </action>
    <action>
      <name>small decrease (scrollwheel)</name>
      <button>3</button>
      <repeatable>true</repeatable>
      <binding>
        <command>property-adjust</command>
        <property>autopilot/settings/heading-bug-deg</property>
        <step>-1</step>
        <min>0</min>
        <max>360</max>
        <wrap>1</wrap>
      </binding>
    </action>
    <action>
      <name>small increase (scrollwheel)</name>
      <button>4</button>
      <repeatable>true</repeatable>
      <binding>
        <command>property-adjust</command>
        <property>autopilot/settings/heading-bug-deg</property>
        <step>1</step>
        <min>0</min>
        <max>360</max>
        <wrap>1</wrap>
      </binding>
    </action>
  </animation>

  <!-- Heading Offset -->
  <animation>
    <type>pick</type>
    <object-name>click-offset-L</object-name>
    <visible>false</visible>
    <action>
      <name>small decrease</name>
      <button>0</button>
      <repeatable>true</repeatable>
      <binding>
        <command>property-adjust</command>
        <property>instrumentation/heading-indicator/offset-deg</property>
        <step>-1</step>
        <min>0</min>
        <max>360</max>
        <wrap>1</wrap>
      </binding>
    </action>  
    <action>
      <name>large decrease</name>
      <button>1</button>
      <repeatable>true</repeatable>
      <binding>
        <command>property-adjust</command>
        <property>instrumentation/heading-indicator/offset-deg</property>
        <step>-5</step>
        <min>0</min>
        <max>360</max>
        <wrap>1</wrap>
      </binding>
    </action>
    <action>
      <name>small decrease (scrollwheel)</name>
      <button>3</button>
      <repeatable>true</repeatable>
      <binding>
        <command>property-adjust</command>
        <property>instrumentation/heading-indicator/offset-deg</property>
        <step>-1</step>
        <min>0</min>
        <max>360</max>
        <wrap>1</wrap>
      </binding>
    </action>
    <action>
      <name>small increase (scrollwheel)</name>
      <button>4</button>
      <repeatable>true</repeatable>
      <binding>
        <command>property-adjust</command>
        <property>instrumentation/heading-indicator/offset-deg</property>
        <step>1</step>
        <min>0</min>
        <max>360</max>
        <wrap>1</wrap>
      </binding>
    </action>
  </animation> 

  <animation>
    <type>pick</type>
    <object-name>click-offset-R</object-name>
    <visible>false</visible>
    <action>
      <name>small increase</name>
      <button>0</button>
      <repeatable>true</repeatable>
      <binding>
        <command>property-adjust</command>
        <property>instrumentation/heading-indicator/offset-deg</property>
        <step>1</step>
        <min>0</min>
        <max>360</max>
        <wrap>1</wrap>
      </binding>
    </action>  
    <action>
      <name>large increase</name>
      <button>1</button>
      <repeatable>true</repeatable>
      <binding>
        <command>property-adjust</command>
        <property>instrumentation/heading-indicator/offset-deg</property>
        <step>5</step>
        <min>0</min>
        <max>360</max>
        <wrap>1</wrap>
      </binding>
    </action>
    <action>
      <name>small decrease (scrollwheel)</name>
      <button>3</button>
      <repeatable>true</repeatable>
      <binding>
        <command>property-adjust</command>
        <property>instrumentation/heading-indicator/offset-deg</property>
        <step>-1</step>
        <min>0</min>
        <max>360</max>
        <wrap>1</wrap>
      </binding>
    </action>
    <action>
      <name>small increase (scrollwheel)</name>
      <button>4</button>
      <repeatable>true</repeatable>
      <binding>
        <command>property-adjust</command>
        <property>instrumentation/heading-indicator/offset-deg</property>
        <step>1</step>
        <min>0</min>
        <max>360</max>
        <wrap>1</wrap>
      </binding>
    </action>
  </animation>

<!-- Labels activated by hotspots -->

  <animation>
    <type>material</type>
    <object-name>LabelHI</object-name>
    <emission>
        <red>1.0</red>
        <green>0.8</green>
        <blue>0.0</blue>
    </emission>
  </animation>

  <animation>
    <type>select</type>
    <object-name>LabelHI</object-name>
    <condition>
        <property>/sim/panel-hotspots</property>
    </condition>
  </animation>

  <text>
    <name>LabelHI</name>
    <type type="string">literal</type>
    <text type="string">Heading Indicator</text>
    <draw-text type="bool">true</draw-text>
    <font>Helvetica.txf</font>
    <character-size type="double">0.012</character-size>
    <character-aspect-ratio type="double">1.0</character-aspect-ratio>
    <axis-alignment>yz-plane</axis-alignment>
    <max-height>0.2</max-height>
    <max-width>0.1</max-width>
    <font-resolution>
        <width type="int">32</width>
        <height type="int">32</height>
    </font-resolution>
    <alignment>center-center</alignment>
    <offsets>
      <x-m>  0.01 </x-m> <!-- near to panel -->
      <y-m>  0 </y-m> <!-- right -->
      <z-m>  0.082 </z-m> <!-- up -->
    </offsets>
  </text>

</PropertyList>

