<?xml version="1.0" encoding="UTF-8"?>

<PropertyList>

  <particlesystem>
    <name>Tail</name>

    <texture>wake.png</texture>

    <condition>
      <and>
        <greater-than>
          <property>instrumentation/airspeed-indicator/indicated-speed-kt</property>
          <value>5</value>
        </greater-than>
        <or>
          <property>/gear/gear[0]/wow</property>
          <property>/gear/gear[1]/wow</property>
          <property>/gear/gear[2]/wow</property>
        </or>
      </and>
    </condition>

    <emissive>false</emissive>
    <lighting>true</lighting>
        
    <attach>world</attach>
        
    <placer>
      <type>point</type>
    </placer>

    <shooter>
      <theta-min-deg>0</theta-min-deg>
      <theta-max-deg>0</theta-max-deg>
      <phi-min-deg>0</phi-min-deg>
      <phi-max-deg>0</phi-max-deg>
      <speed-mps>
        <value>10</value>
        <spread>2.5</spread>
      </speed-mps>
      <rotation-speed>
        <x-min-deg-sec>0</x-min-deg-sec>
        <y-min-deg-sec>0</y-min-deg-sec>
        <z-min-deg-sec>0</z-min-deg-sec>
        <x-max-deg-sec>0</x-max-deg-sec>
        <y-max-deg-sec>0</y-max-deg-sec>
        <z-max-deg-sec>0</z-max-deg-sec>
      </rotation-speed>
    </shooter>

    <counter>
      <particles-per-sec>
        <value>200</value>
        <spread>2</spread>
      </particles-per-sec>
    </counter>

    <align>billboard</align>

    <particle>
      <start>
        <color>
          <red>
            <value>0.9</value>
          </red>
          <green>
            <value>0.9</value>
          </green>
          <blue>
            <value>1.0</value>
          </blue>
          <alpha>
            <value>0.5</value>
          </alpha>
        </color>
        <size>
          <value>0.5</value>
        </size>
      </start>

      <end>
        <color>
          <red>
            <value>1.0</value>
          </red>
          <green>
            <value>1.0</value>
          </green>
          <blue>
            <value>1.0</value>
          </blue>
          <alpha>
            <value>1.0</value>
          </alpha>
        </color>
        <size>
          <value>8</value>
        </size>
      </end>

      <life-sec>
        <value>10.0</value>
      </life-sec>

      <mass-kg>0.15</mass-kg>
      <radius-m>0.3</radius-m>
    </particle>

    <program>
      <fluid>water</fluid>
      <gravity>true</gravity>
      <wind>false</wind>
    </program>
        
  </particlesystem>

</PropertyList>

