<?xml version="1.0" encoding="UTF-8"?>

<PropertyList>

  <path>table.ac</path>

  <animation>
    <!-- Objets opaques -->
    <object-name>table</object-name>

    <!-- Objets transparents -->
  </animation>

  <!-- Interior lighting -->
  <animation>
    <type>material</type>
      <condition>
        <equals>
          <property>controls/lighting/radiocabin</property>
          <value>1</value>
        </equals>
      </condition>
    <emission>
      <red>   0.27 </red>
      <green> 0.17 </green>
      <blue>  0.12 </blue>
      <factor-prop>/controls/lighting/brightness</factor-prop>
    </emission>
  </animation>

</PropertyList>
