<?xml version="1.0" encoding="UTF-8"?>

<PropertyList>

  <chase-distance-m type="double" archive="y"> -50 </chase-distance-m>

  <view n="100">
    <name>Copilot View</name>
    <internal archive="y">true</internal>
    <type>lookfrom</type>
    <config>
      <dynamic-view type="bool">true</dynamic-view>
      <from-model type="bool">true</from-model>
      <ground-level-nearplane-m type="double">0.5f</ground-level-nearplane-m>
      <x-offset-m archive="y">   0.685 </x-offset-m>	<!-- Right -->
      <y-offset-m archive="y">   0.455 </y-offset-m>	<!-- Up    -->
      <z-offset-m archive="y"> -11.450 </z-offset-m>	<!-- Back  -->
      <pitch-offset-deg> -10 </pitch-offset-deg>
      <default-field-of-view-deg> 70 </default-field-of-view-deg>
    </config>
  </view>

  <view n="101">
    <name>Instrument Panel View</name>
    <internal archive="y">true</internal>
    <type>lookfrom</type>
    <config>
      <dynamic-view type="bool">true</dynamic-view>
      <from-model type="bool">true</from-model>
      <ground-level-nearplane-m type="double">0.01f</ground-level-nearplane-m>
      <x-offset-m archive="y">   0.000 </x-offset-m>	<!-- Right -->
      <y-offset-m archive="y">  -0.020 </y-offset-m>	<!-- Up    -->
      <z-offset-m archive="y"> -11.520 </z-offset-m>	<!-- Back  -->
      <pitch-offset-deg type="double"> -33 </pitch-offset-deg>
      <default-field-of-view-deg type="double"> 70 </default-field-of-view-deg>
    </config>
  </view>

  <view n="102">
    <name>Navigation Cabin View</name>
    <internal archive="y">true</internal>
    <type>lookfrom</type>
    <config>
      <from-model type="bool">true</from-model>
      <from-model-idx type="int">0</from-model-idx>
      <ground-level-nearplane-m type="double">0.01f</ground-level-nearplane-m>
      <x-offset-m archive="y">  0.300 </x-offset-m>	<!-- Right -->
      <y-offset-m archive="y">  0.580 </y-offset-m>	<!-- Up    -->
      <z-offset-m archive="y"> -9.500 </z-offset-m>	<!-- Back  -->
      <heading-offset-deg type="double"> 40 </heading-offset-deg>
      <pitch-offset-deg type="double"> 0 </pitch-offset-deg>
      <default-field-of-view-deg type="double"> 70 </default-field-of-view-deg>
    </config>
  </view>

  <view n="103">
    <name>Engineer Right Panel</name>
    <internal archive="y">true</internal>
    <type>lookfrom</type>
    <config>
      <from-model type="bool">true</from-model>
      <from-model-idx type="int">0</from-model-idx>
      <ground-level-nearplane-m type="double">0.5f</ground-level-nearplane-m>
      <x-offset-m archive="y"> -0.760 </x-offset-m>	<!-- Right -->
      <y-offset-m archive="y">  0.800 </y-offset-m>	<!-- Up    -->
      <z-offset-m archive="y"> -7.000 </z-offset-m>	<!-- Back  -->
      <pitch-offset-deg type="double"> 0 </pitch-offset-deg>
      <heading-offset-deg type="double"> 270 </heading-offset-deg>
      <default-field-of-view-deg type="double"> 66 </default-field-of-view-deg>
    </config>
  </view>

  <view n="104">
    <name>Engineer Left Panel</name>
    <internal archive="y">true</internal>
    <type>lookfrom</type>
    <config>
      <from-model type="bool">true</from-model>
      <from-model-idx type="int">0</from-model-idx>
      <ground-level-nearplane-m type="double">0.5f</ground-level-nearplane-m>
      <x-offset-m archive="y">  0.760 </x-offset-m>	<!-- Right -->
      <y-offset-m archive="y">  0.800 </y-offset-m>	<!-- Up    -->
      <z-offset-m archive="y"> -7.000 </z-offset-m>	<!-- Back  -->
      <pitch-offset-deg> 0 </pitch-offset-deg>
      <heading-offset-deg type="double"> 90 </heading-offset-deg>
      <default-field-of-view-deg type="double"> 66 </default-field-of-view-deg>
    </config>
  </view>

  <view n="105">
    <name>Radio Cabin View</name>
    <internal archive="y">true</internal>
    <type>lookfrom</type>
    <config>
      <from-model type="bool">true</from-model>
      <from-model-idx type="int">0</from-model-idx>
      <ground-level-nearplane-m type="double">0.05f</ground-level-nearplane-m>
      <x-offset-m archive="y">  0.200 </x-offset-m>	<!-- Right -->
      <y-offset-m archive="y">  0.400 </y-offset-m>	<!-- Up    -->
      <z-offset-m archive="y"> -3.430 </z-offset-m>	<!-- Back  -->
      <heading-offset-deg type="double"> -90 </heading-offset-deg>
      <pitch-offset-deg type="double"> -5 </pitch-offset-deg>
      <default-field-of-view-deg type="double"> 60 </default-field-of-view-deg>
    </config>
  </view>

  <view n="106">
    <name>Help Engine Cabin View</name>
    <internal archive="y">true</internal>
    <type>lookfrom</type>
    <config>
      <from-model type="bool">true</from-model>
      <from-model-idx type="int">0</from-model-idx>
      <ground-level-nearplane-m type="double">0.05f</ground-level-nearplane-m>
      <x-offset-m archive="y">  0 </x-offset-m>	<!-- Right -->
      <y-offset-m archive="y">  0.250 </y-offset-m>	<!-- Up    -->
      <z-offset-m archive="y"> -2.400 </z-offset-m>	<!-- Back  -->
      <heading-offset-deg type="double"> 135 </heading-offset-deg>
      <pitch-offset-deg type="double"> -25 </pitch-offset-deg>
      <default-field-of-view-deg type="double"> 70 </default-field-of-view-deg>
    </config>
  </view>

  <view n="107">
    <name>Front Deck View</name>
    <internal archive="y">true</internal>
    <type>lookfrom</type>
    <config>
      <dynamic-view type="bool">true</dynamic-view>
      <from-model type="bool">true</from-model>
      <ground-level-nearplane-m type="double">0.01f</ground-level-nearplane-m>
      <x-offset-m archive="y">   0.000 </x-offset-m>	<!-- Right -->
      <y-offset-m archive="y">   0.275 </y-offset-m>	<!-- Up    -->
      <z-offset-m archive="y"> -15.850 </z-offset-m>	<!-- Back /window inside is 12.355 -->
      <pitch-offset-deg type="double"> 0 </pitch-offset-deg>
      <default-field-of-view-deg type="double"> 70 </default-field-of-view-deg>
    </config>
  </view>

  <view n="108">
    <name>Tail Camera View</name>
    <type>lookfrom</type>
    <internal archive="y">true</internal>
    <config>
      <from-model type="bool">true</from-model>
      <from-model-idx type="int">0</from-model-idx>
      <ground-level-nearplane-m type="double">0.01f</ground-level-nearplane-m>
      <x-offset-m archive="y"> 0.000 </x-offset-m> <!--Right-->
      <y-offset-m archive="y"> 2.000 </y-offset-m> <!--Up-->
      <z-offset-m archive="y"> 9.227 </z-offset-m> <!--Back-->
      <pitch-offset-deg type="double"> -5 </pitch-offset-deg>
      <default-field-of-view-deg type="double"> 30 </default-field-of-view-deg>
    </config>
  </view>

  <view n="109">
    <name>Cabine View</name>
    <type>lookfrom</type>
    <internal archive="y">true</internal>
    <config>
      <from-model type="bool">true</from-model>
      <from-model-idx type="int">0</from-model-idx>
      <ground-level-nearplane-m type="double">0.01f</ground-level-nearplane-m>
      <x-offset-m archive="y">  0.000 </x-offset-m> <!--Right-->
      <y-offset-m archive="y"> -1.402 </y-offset-m> <!--Up-->
      <z-offset-m archive="y"> -6.633 </z-offset-m> <!--Back-->
      <pitch-offset-deg type="double"> -5 </pitch-offset-deg>
      <default-field-of-view-deg type="double"> 30 </default-field-of-view-deg>
    </config>
  </view>

  <view n="0">
    <internal archive="y">true</internal>
    <config>
      <x-offset-m archive="y">  -0.685 </x-offset-m>	<!-- Right -->
      <y-offset-m archive="y">   0.455 </y-offset-m>	<!-- Up    -->
      <z-offset-m archive="y"> -11.450 </z-offset-m>	<!-- Back  -->
      <pitch-offset-deg> -10 </pitch-offset-deg>
      <default-field-of-view-deg> 70 </default-field-of-view-deg>
    </config>
  </view>

  <view n="1">
    <config>
      <target-z-offset-m archive="y" type="double">0</target-z-offset-m>
    </config>
  </view>

  <view n="2">
    <config>
      <target-z-offset-m archive="y" type="double">0</target-z-offset-m>
    </config>
  </view>

  <view n="3">
    <config>
      <target-z-offset-m archive="y" type="double">0</target-z-offset-m>
    </config>
  </view>

  <view n="4">
    <config>
      <target-z-offset-m archive="y" type="double">0</target-z-offset-m>
    </config>
  </view>

  <view n="5">
    <config>
      <target-z-offset-m archive="y" type="double">0</target-z-offset-m>
    </config>
  </view>

  <view n="6">
    <config>
      <target-z-offset-m archive="y" type="double">0</target-z-offset-m>
    </config>
  </view>

</PropertyList>

